{
  "num_clients": 3,
  "data_distribution": [
    17,
    17,
    16
  ],
  "client_computation_times": [
    0.9724078178405762,
    0.96732497215271,
    0.9069356918334961
  ],
  "client_statistics": [
    {
      "client_id": 1,
      "sample_count": 17,
      "local_mean": 78661.41176470589,
      "computation_time": 0.9724078178405762
    },
    {
      "client_id": 2,
      "sample_count": 17,
      "local_mean": 88017.64705882352,
      "computation_time": 0.96732497215271
    },
    {
      "client_id": 3,
      "sample_count": 16,
      "local_mean": 80056.0,
      "computation_time": 0.9069356918334961
    }
  ],
  "aggregation_time": 0.00122833251953125,
  "decryption_time": 0.017148971557617188,
  "total_time": 2.8650457859039307,
  "true_average": 82288.8,
  "fl_average": 82288.8,
  "error": 0.0,
  "total_samples": 50
}