{
  "encryption": {
    "num_values": 50,
    "time_seconds": 2.9502971172332764,
    "rate_per_second": 16.9474456345227,
    "avg_time_ms": 59.00594234466553
  },
  "statistics": {
    "encrypted_sum": 4114440.0,
    "true_sum": 4114440.0,
    "sum_error": 0.0,
    "encrypted_mean": 82288.8,
    "true_mean": 82288.8,
    "mean_error": 0.0,
    "sum_computation_time": 0.003999471664428711,
    "mean_computation_time": 0.002000570297241211,
    "decryption_time": 0.03302788734436035
  },
  "federated_aggregation": {
    "num_departments": 5,
    "dept_sizes": [
      10,
      10,
      10,
      10,
      10
    ],
    "dept_encryption_times": [
      0.5870087146759033,
      0.5844154357910156,
      0.5854477882385254,
      0.58089280128479,
      0.587644100189209
    ],
    "aggregation_time": 0.1053617000579834,
    "decryption_time": 0.1632823944091797,
    "total_time": 3.1940529346466064,
    "federated_average": 82288.80000000002,
    "true_average": 82288.8,
    "error": 1.4551915228366852e-11
  },
  "salary_ranges": {
    "High": {
      "count": 50,
      "true_mean": 82288.8,
      "encrypted_mean": 82288.8,
      "computation_time": 2.9277799129486084
    }
  }
}