{
  "column_name": "Monthly_Salary",
  "count": 50,
  "sum": 4114440.0,
  "mean": 82288.8,
  "median": 73890.5,
  "std_dev": 33184.53047550922,
  "min": 28420.0,
  "max": 149123.0,
  "q1": 59424.0,
  "q2": 73890.5,
  "q3": 107219.0,
  "iqr": 47795.0,
  "range": 120703.0,
  "variance": 1101213062.88,
  "skewness": 0.18865376231866904,
  "kurtosis": -0.9459274636634158,
  "histogram": {
    "counts": [
      5,
      0,
      5,
      0,
      2,
      2,
      7,
      5,
      3,
      1,
      0,
      5,
      2,
      2,
      1,
      3,
      2,
      3,
      1,
      1
    ],
    "bin_centers": [
      31437.575,
      37472.725000000006,
      43507.875,
      49543.024999999994,
      55578.175,
      61613.325,
      67648.47499999999,
      73683.625,
      79718.775,
      85753.925,
      91789.075,
      97824.22499999999,
      103859.375,
      109894.525,
      115929.67499999999,
      121964.825,
      127999.97499999999,
      134035.125,
      140070.275,
      146105.425
    ],
    "bin_edges": [
      28420.0,
      34455.15,
      40490.3,
      46525.45,
      52560.6,
      58595.75,
      64630.899999999994,
      70666.04999999999,
      76701.2,
      82736.35,
      88771.5,
      94806.65,
      100841.79999999999,
      106876.95,
      112912.09999999999,
      118947.25,
      124982.4,
      131017.54999999999,
      137052.7,
      143087.84999999998,
      149123.0
    ]
  },
  "computation_time": 3.6647140979766846
}